dontjudgeme1243,5cdedc9e-aabc-4d23-9c64-7d5c7040a89b
nuterino,0f5c621d-0a35-48d3-8144-1273ad769208
theluciuscastus,a37ba094-8b39-4504-99a6-3208ae1e4094
tubbyted201,2d0810c2-d02b-40e4-bc6b-e6b77ee35a1f
cake_witch,cb4b5d63-d8ed-4961-a85b-1daba2f027df
naigocin,9090bcd2-2aa0-401d-892c-3f5a4ac7a091
dminecraftkiller,7ba6c375-a899-4fe8-a80d-632465169705
lilvonnie1220,5514d588-ba57-4e6d-abea-ceb699292c5d
toothlesssquid,b548362c-9db1-4b4a-b3ff-3312d678709e
cakewitch_,cb4b5d63-d8ed-4961-a85b-1daba2f027df
hun7ard,c831e0c8-3e89-4970-846b-3fd704397391
alfrederino,3303b63b-4a7e-4d49-81f8-f3b886e0c60a
froyo_,ce6ee409-c09d-46d1-80d7-0b5d6e58ec68
degmeist,c959a8bc-c288-4e62-9f2c-24a8d5bea1b8
_joeballs,a2db2901-d55b-4057-8aa3-9d511419baad
dogger29,035c571e-7e9a-4432-9013-b742a3826b01
lildbis,f92cbada-a739-48af-ba48-d3dfb1b65731
quanchichi,a2294a1d-e15e-4b23-8456-1ad77065ccf1
exaltasamba,58d7120e-5d3c-47ff-956d-1a14a16f0509
rumyad,5b269310-333e-4200-ad48-9f50d64e28a2
pseudopseudonym,39d1cc73-d277-4d70-8ddb-d5a2154fe121
